{"cameraMode":{"drawMode":0,"name":"Shaded","section":"Shading Mode"},"sceneLighting":true,"audioPlay":false,"sceneViewState":{"showFog":true,"showMaterialUpdate":false,"showSkybox":true,"showFlares":true,"showImageEffects":true,"showParticleSystems":true},"in2DMode":false,"pivot":{"x":-3.6850528717041017,"y":-3.4142048358917238,"z":-7.099137306213379},"rotation":{"x":-0.06989124417304993,"y":0.719752848148346,"z":-0.07324069738388062,"w":-0.686834454536438},"size":3.2440907955169679,"orthographic":false}